{"artist":{"name":"Bobby McFerrin","mbid":"a996b5bd-db99-4257-b036-336f63448aa2","url":"http:\/\/www.last.fm\/music\/Bobby+McFerrin","image":[{"#text":"http:\/\/userserve-ak.last.fm\/serve\/34\/54353225.png","size":"small"},{"#text":"http:\/\/userserve-ak.last.fm\/serve\/64\/54353225.png","size":"medium"},{"#text":"http:\/\/userserve-ak.last.fm\/serve\/126\/54353225.png","size":"large"},{"#text":"http:\/\/userserve-ak.last.fm\/serve\/252\/54353225.png","size":"extralarge"},{"#text":"http:\/\/userserve-ak.last.fm\/serve\/_\/54353225\/Bobby+McFerrin+CarnegieHallMcferrin460px.png","size":"mega"}],"streamable":"0","ontour":"0","stats":{"listeners":"464338","playcount":"3300101"},"similar":{"artist":[{"name":"Bobby McFerrin & Chick Corea","url":"http:\/\/www.last.fm\/music\/Bobby+McFerrin+&+Chick+Corea","image":[{"#text":"http:\/\/userserve-ak.last.fm\/serve\/34\/3219369.jpg","size":"small"},{"#text":"http:\/\/userserve-ak.last.fm\/serve\/64\/3219369.jpg","size":"medium"},{"#text":"http:\/\/userserve-ak.last.fm\/serve\/126\/3219369.jpg","size":"large"},{"#text":"http:\/\/userserve-ak.last.fm\/serve\/252\/3219369.jpg","size":"extralarge"},{"#text":"http:\/\/userserve-ak.last.fm\/serve\/_\/3219369\/Bobby+McFerrin++Chick+Corea.jpg","size":"mega"}]},{"name":"Yo-Yo Ma & Bobby McFerrin","url":"http:\/\/www.last.fm\/music\/Yo-Yo+Ma+&+Bobby+McFerrin","image":[{"#text":"http:\/\/userserve-ak.last.fm\/serve\/34\/39801915.jpg","size":"small"},{"#text":"http:\/\/userserve-ak.last.fm\/serve\/64\/39801915.jpg","size":"medium"},{"#text":"http:\/\/userserve-ak.last.fm\/serve\/126\/39801915.jpg","size":"large"},{"#text":"http:\/\/userserve-ak.last.fm\/serve\/252\/39801915.jpg","size":"extralarge"},{"#text":"http:\/\/userserve-ak.last.fm\/serve\/_\/39801915\/YoYo+Ma++Bobby+McFerrin.jpg","size":"mega"}]},{"name":"Richard Bona","url":"http:\/\/www.last.fm\/music\/Richard+Bona","image":[{"#text":"http:\/\/userserve-ak.last.fm\/serve\/34\/2227221.jpg","size":"small"},{"#text":"http:\/\/userserve-ak.last.fm\/serve\/64\/2227221.jpg","size":"medium"},{"#text":"http:\/\/userserve-ak.last.fm\/serve\/126\/2227221.jpg","size":"large"},{"#text":"http:\/\/userserve-ak.last.fm\/serve\/252\/2227221.jpg","size":"extralarge"},{"#text":"http:\/\/userserve-ak.last.fm\/serve\/_\/2227221\/Richard+Bona.jpg","size":"mega"}]},{"name":"Kurt Elling","url":"http:\/\/www.last.fm\/music\/Kurt+Elling","image":[{"#text":"http:\/\/userserve-ak.last.fm\/serve\/34\/15399329.jpg","size":"small"},{"#text":"http:\/\/userserve-ak.last.fm\/serve\/64\/15399329.jpg","size":"medium"},{"#text":"http:\/\/userserve-ak.last.fm\/serve\/126\/15399329.jpg","size":"large"},{"#text":"http:\/\/userserve-ak.last.fm\/serve\/252\/15399329.jpg","size":"extralarge"},{"#text":"http:\/\/userserve-ak.last.fm\/serve\/_\/15399329\/Kurt+Elling+Kurt_Elling_AG350.jpg","size":"mega"}]},{"name":"Al Jarreau","url":"http:\/\/www.last.fm\/music\/Al+Jarreau","image":[{"#text":"http:\/\/userserve-ak.last.fm\/serve\/34\/39067053.jpg","size":"small"},{"#text":"http:\/\/userserve-ak.last.fm\/serve\/64\/39067053.jpg","size":"medium"},{"#text":"http:\/\/userserve-ak.last.fm\/serve\/126\/39067053.jpg","size":"large"},{"#text":"http:\/\/userserve-ak.last.fm\/serve\/252\/39067053.jpg","size":"extralarge"},{"#text":"http:\/\/userserve-ak.last.fm\/serve\/500\/39067053\/Al+Jarreau+aljareau.jpg","size":"mega"}]}]},"tags":{"tag":[{"name":"jazz","url":"http:\/\/www.last.fm\/tag\/jazz"},{"name":"reggae","url":"http:\/\/www.last.fm\/tag\/reggae"},{"name":"vocal","url":"http:\/\/www.last.fm\/tag\/vocal"},{"name":"a capella","url":"http:\/\/www.last.fm\/tag\/a%20capella"},{"name":"singer-songwriter","url":"http:\/\/www.last.fm\/tag\/singer-songwriter"}]},"bio":{"links":{"link":{"#text":"","rel":"original","href":"http:\/\/www.last.fm\/music\/Bobby+McFerrin\/+wiki"}},"published":"Fri, 19 Aug 2011 01:06:30 +0000","summary":"\n                Bobby McFerrin (born New York City, March 11, 1950) is a <a href=\"http:\/\/www.last.fm\/tag\/jazz\" class=\"bbcode_tag\" rel=\"tag\">jazz<\/a>-influenced a cappella <a href=\"http:\/\/www.last.fm\/tag\/vocal\" class=\"bbcode_tag\" rel=\"tag\">vocal<\/a> performer and conductor. A ten-time Grammy Award winner, he is one of the world's best known vocal innovators and improvisers. His song &quot;<a href=\"http:\/\/www.last.fm\/music\/Bobby+McFerrin\/_\/Don't+Worry%2C+Be+Happy\">Don't Worry, Be Happy<\/a>&quot; (featured in the 1988 movie Cocktail, and the 2005 movie Jarhead) was a #1 U.S. pop hit in 1988.  He has also worked in collaboration with instrumental performers including pianist <a href=\"http:\/\/www.last.fm\/music\/Chick+Corea\" class=\"bbcode_artist\">Chick Corea<\/a> and cellist <a href=\"http:\/\/www.last.fm\/music\/Yo-Yo+Ma\" class=\"bbcode_artist\">Yo-Yo Ma<\/a>. This collaboration has established him as an ambassador of both the <a href=\"http:\/\/www.last.fm\/tag\/classical\" class=\"bbcode_tag\" rel=\"tag\">classical<\/a> and <a href=\"http:\/\/www.last.fm\/tag\/jazz\" class=\"bbcode_tag\" rel=\"tag\">jazz<\/a> worlds.\n\n        <a href=\"http:\/\/www.last.fm\/music\/Bobby+McFerrin\">Read more about Bobby McFerrin on Last.fm<\/a>.\n    \n    ","content":"\n                    Bobby McFerrin (born New York City, March 11, 1950) is a <a href=\"http:\/\/www.last.fm\/tag\/jazz\" class=\"bbcode_tag\" rel=\"tag\">jazz<\/a>-influenced a cappella <a href=\"http:\/\/www.last.fm\/tag\/vocal\" class=\"bbcode_tag\" rel=\"tag\">vocal<\/a> performer and conductor. A ten-time Grammy Award winner, he is one of the world's best known vocal innovators and improvisers. His song &quot;<a href=\"http:\/\/www.last.fm\/music\/Bobby+McFerrin\/_\/Don't+Worry%2C+Be+Happy\">Don't Worry, Be Happy<\/a>&quot; (featured in the 1988 movie Cocktail, and the 2005 movie Jarhead) was a #1 U.S. pop hit in 1988.  He has also worked in collaboration with instrumental performers including pianist <a href=\"http:\/\/www.last.fm\/music\/Chick+Corea\" class=\"bbcode_artist\">Chick Corea<\/a> and cellist <a href=\"http:\/\/www.last.fm\/music\/Yo-Yo+Ma\" class=\"bbcode_artist\">Yo-Yo Ma<\/a>. This collaboration has established him as an ambassador of both the <a href=\"http:\/\/www.last.fm\/tag\/classical\" class=\"bbcode_tag\" rel=\"tag\">classical<\/a> and <a href=\"http:\/\/www.last.fm\/tag\/jazz\" class=\"bbcode_tag\" rel=\"tag\">jazz<\/a> worlds.\n\n        <a href=\"http:\/\/www.last.fm\/music\/Bobby+McFerrin\">Read more about Bobby McFerrin on Last.fm<\/a>.\n    \n    \nUser-contributed text is available under the Creative Commons By-SA License and may also be available under the GNU FDL.\n    "}}}
