<?xml version="1.0" encoding="utf-8"?>
<lfm status="ok">
<artist>
  <name>Bobby McFerrin</name>
          <mbid>a996b5bd-db99-4257-b036-336f63448aa2</mbid>
            <url>http://www.last.fm/music/Bobby+McFerrin</url>
  <image size="small">http://userserve-ak.last.fm/serve/34/54353225.png</image>
  <image size="medium">http://userserve-ak.last.fm/serve/64/54353225.png</image>
  <image size="large">http://userserve-ak.last.fm/serve/126/54353225.png</image>
  <image size="extralarge">http://userserve-ak.last.fm/serve/252/54353225.png</image>
  <image size="mega">http://userserve-ak.last.fm/serve/_/54353225/Bobby+McFerrin+CarnegieHallMcferrin460px.png</image>
  <streamable>0</streamable>
  <ontour>0</ontour>
  <stats>
    <listeners>464338</listeners>
    <playcount>3300101</playcount>
      </stats>

  <similar>
	    <artist>
	  <name>Bobby McFerrin &amp; Chick Corea</name>
	  <url>http://www.last.fm/music/Bobby+McFerrin+&amp;+Chick+Corea</url>
	  <image size="small">http://userserve-ak.last.fm/serve/34/3219369.jpg</image>
	  <image size="medium">http://userserve-ak.last.fm/serve/64/3219369.jpg</image>
	  <image size="large">http://userserve-ak.last.fm/serve/126/3219369.jpg</image>
	  <image size="extralarge">http://userserve-ak.last.fm/serve/252/3219369.jpg</image>
	  <image size="mega">http://userserve-ak.last.fm/serve/_/3219369/Bobby+McFerrin++Chick+Corea.jpg</image>
	  
	        	</artist>
    <artist>
	  <name>Yo-Yo Ma &amp; Bobby McFerrin</name>
	  <url>http://www.last.fm/music/Yo-Yo+Ma+&amp;+Bobby+McFerrin</url>
	  <image size="small">http://userserve-ak.last.fm/serve/34/39801915.jpg</image>
	  <image size="medium">http://userserve-ak.last.fm/serve/64/39801915.jpg</image>
	  <image size="large">http://userserve-ak.last.fm/serve/126/39801915.jpg</image>
	  <image size="extralarge">http://userserve-ak.last.fm/serve/252/39801915.jpg</image>
	  <image size="mega">http://userserve-ak.last.fm/serve/_/39801915/YoYo+Ma++Bobby+McFerrin.jpg</image>
	  
	        	</artist>
    <artist>
	  <name>Richard Bona</name>
	  <url>http://www.last.fm/music/Richard+Bona</url>
	  <image size="small">http://userserve-ak.last.fm/serve/34/2227221.jpg</image>
	  <image size="medium">http://userserve-ak.last.fm/serve/64/2227221.jpg</image>
	  <image size="large">http://userserve-ak.last.fm/serve/126/2227221.jpg</image>
	  <image size="extralarge">http://userserve-ak.last.fm/serve/252/2227221.jpg</image>
	  <image size="mega">http://userserve-ak.last.fm/serve/_/2227221/Richard+Bona.jpg</image>
	  
	        	</artist>
    <artist>
	  <name>Kurt Elling</name>
	  <url>http://www.last.fm/music/Kurt+Elling</url>
	  <image size="small">http://userserve-ak.last.fm/serve/34/15399329.jpg</image>
	  <image size="medium">http://userserve-ak.last.fm/serve/64/15399329.jpg</image>
	  <image size="large">http://userserve-ak.last.fm/serve/126/15399329.jpg</image>
	  <image size="extralarge">http://userserve-ak.last.fm/serve/252/15399329.jpg</image>
	  <image size="mega">http://userserve-ak.last.fm/serve/_/15399329/Kurt+Elling+Kurt_Elling_AG350.jpg</image>
	  
	        	</artist>
    <artist>
	  <name>Al Jarreau</name>
	  <url>http://www.last.fm/music/Al+Jarreau</url>
	  <image size="small">http://userserve-ak.last.fm/serve/34/39067053.jpg</image>
	  <image size="medium">http://userserve-ak.last.fm/serve/64/39067053.jpg</image>
	  <image size="large">http://userserve-ak.last.fm/serve/126/39067053.jpg</image>
	  <image size="extralarge">http://userserve-ak.last.fm/serve/252/39067053.jpg</image>
	  <image size="mega">http://userserve-ak.last.fm/serve/500/39067053/Al+Jarreau+aljareau.jpg</image>
	  
	        	</artist>
  </similar>
    <tags>
        <tag>
	  <name>jazz</name>
	  <url>http://www.last.fm/tag/jazz</url>
	</tag>
        <tag>
	  <name>reggae</name>
	  <url>http://www.last.fm/tag/reggae</url>
	</tag>
        <tag>
	  <name>vocal</name>
	  <url>http://www.last.fm/tag/vocal</url>
	</tag>
        <tag>
	  <name>a capella</name>
	  <url>http://www.last.fm/tag/a%20capella</url>
	</tag>
        <tag>
	  <name>singer-songwriter</name>
	  <url>http://www.last.fm/tag/singer-songwriter</url>
	</tag>
      </tags>
      <bio>
        <links>
        <link rel="original" href="http://www.last.fm/music/Bobby+McFerrin/+wiki" />
    </links>
                                    <published>Fri, 19 Aug 2011 01:06:30 +0000</published>
    <summary>
        <![CDATA[        Bobby McFerrin (born New York City, March 11, 1950) is a <a href="http://www.last.fm/tag/jazz" class="bbcode_tag" rel="tag">jazz</a>-influenced a cappella <a href="http://www.last.fm/tag/vocal" class="bbcode_tag" rel="tag">vocal</a> performer and conductor. A ten-time Grammy Award winner, he is one of the world's best known vocal innovators and improvisers. His song &quot;<a href="http://www.last.fm/music/Bobby+McFerrin/_/Don't+Worry%2C+Be+Happy">Don't Worry, Be Happy</a>&quot; (featured in the 1988 movie Cocktail, and the 2005 movie Jarhead) was a #1 U.S. pop hit in 1988.  He has also worked in collaboration with instrumental performers including pianist <a href="http://www.last.fm/music/Chick+Corea" class="bbcode_artist">Chick Corea</a> and cellist <a href="http://www.last.fm/music/Yo-Yo+Ma" class="bbcode_artist">Yo-Yo Ma</a>. This collaboration has established him as an ambassador of both the <a href="http://www.last.fm/tag/classical" class="bbcode_tag" rel="tag">classical</a> and <a href="http://www.last.fm/tag/jazz" class="bbcode_tag" rel="tag">jazz</a> worlds.

        <a href="http://www.last.fm/music/Bobby+McFerrin">Read more about Bobby McFerrin on Last.fm</a>.
    ]]>
    </summary>
    <content>
            <![CDATA[        Bobby McFerrin (born New York City, March 11, 1950) is a <a href="http://www.last.fm/tag/jazz" class="bbcode_tag" rel="tag">jazz</a>-influenced a cappella <a href="http://www.last.fm/tag/vocal" class="bbcode_tag" rel="tag">vocal</a> performer and conductor. A ten-time Grammy Award winner, he is one of the world's best known vocal innovators and improvisers. His song &quot;<a href="http://www.last.fm/music/Bobby+McFerrin/_/Don't+Worry%2C+Be+Happy">Don't Worry, Be Happy</a>&quot; (featured in the 1988 movie Cocktail, and the 2005 movie Jarhead) was a #1 U.S. pop hit in 1988.  He has also worked in collaboration with instrumental performers including pianist <a href="http://www.last.fm/music/Chick+Corea" class="bbcode_artist">Chick Corea</a> and cellist <a href="http://www.last.fm/music/Yo-Yo+Ma" class="bbcode_artist">Yo-Yo Ma</a>. This collaboration has established him as an ambassador of both the <a href="http://www.last.fm/tag/classical" class="bbcode_tag" rel="tag">classical</a> and <a href="http://www.last.fm/tag/jazz" class="bbcode_tag" rel="tag">jazz</a> worlds.

        <a href="http://www.last.fm/music/Bobby+McFerrin">Read more about Bobby McFerrin on Last.fm</a>.
    
    
User-contributed text is available under the Creative Commons By-SA License and may also be available under the GNU FDL.]]>
    </content>
                  </bio>
  </artist></lfm>
