{"artist":{"name":"Jimi Hendrix","mbid":"06fb1c8b-566e-4cb2-985b-b467c90781d4","url":"http:\/\/www.last.fm\/music\/Jimi+Hendrix","image":[{"#text":"http:\/\/userserve-ak.last.fm\/serve\/34\/5561046.jpg","size":"small"},{"#text":"http:\/\/userserve-ak.last.fm\/serve\/64\/5561046.jpg","size":"medium"},{"#text":"http:\/\/userserve-ak.last.fm\/serve\/126\/5561046.jpg","size":"large"},{"#text":"http:\/\/userserve-ak.last.fm\/serve\/252\/5561046.jpg","size":"extralarge"},{"#text":"http:\/\/userserve-ak.last.fm\/serve\/_\/5561046\/Jimi+Hendrix+jhendrix1.jpg","size":"mega"}],"streamable":"0","ontour":"0","stats":{"listeners":"2408551","playcount":"59819314"},"similar":{"artist":[{"name":"The Jimi Hendrix Experience","url":"http:\/\/www.last.fm\/music\/The+Jimi+Hendrix+Experience","image":[{"#text":"http:\/\/userserve-ak.last.fm\/serve\/34\/105945.jpg","size":"small"},{"#text":"http:\/\/userserve-ak.last.fm\/serve\/64\/105945.jpg","size":"medium"},{"#text":"http:\/\/userserve-ak.last.fm\/serve\/126\/105945.jpg","size":"large"},{"#text":"http:\/\/userserve-ak.last.fm\/serve\/252\/105945.jpg","size":"extralarge"},{"#text":"http:\/\/userserve-ak.last.fm\/serve\/_\/105945\/The+Jimi+Hendrix+Experience.jpg","size":"mega"}]},{"name":"Led Zeppelin","url":"http:\/\/www.last.fm\/music\/Led+Zeppelin","image":[{"#text":"http:\/\/userserve-ak.last.fm\/serve\/34\/58547309.jpg","size":"small"},{"#text":"http:\/\/userserve-ak.last.fm\/serve\/64\/58547309.jpg","size":"medium"},{"#text":"http:\/\/userserve-ak.last.fm\/serve\/126\/58547309.jpg","size":"large"},{"#text":"http:\/\/userserve-ak.last.fm\/serve\/252\/58547309.jpg","size":"extralarge"},{"#text":"http:\/\/userserve-ak.last.fm\/serve\/500\/58547309\/Led+Zeppelin+LedZeppelin19700327_LA.jpg","size":"mega"}]},{"name":"The Doors","url":"http:\/\/www.last.fm\/music\/The+Doors","image":[{"#text":"http:\/\/userserve-ak.last.fm\/serve\/34\/18012809.jpg","size":"small"},{"#text":"http:\/\/userserve-ak.last.fm\/serve\/64\/18012809.jpg","size":"medium"},{"#text":"http:\/\/userserve-ak.last.fm\/serve\/126\/18012809.jpg","size":"large"},{"#text":"http:\/\/userserve-ak.last.fm\/serve\/252\/18012809.jpg","size":"extralarge"},{"#text":"http:\/\/userserve-ak.last.fm\/serve\/_\/18012809\/The+Doors+brodskywindow.jpg","size":"mega"}]},{"name":"Cream","url":"http:\/\/www.last.fm\/music\/Cream","image":[{"#text":"http:\/\/userserve-ak.last.fm\/serve\/34\/14757895.jpg","size":"small"},{"#text":"http:\/\/userserve-ak.last.fm\/serve\/64\/14757895.jpg","size":"medium"},{"#text":"http:\/\/userserve-ak.last.fm\/serve\/126\/14757895.jpg","size":"large"},{"#text":"http:\/\/userserve-ak.last.fm\/serve\/252\/14757895.jpg","size":"extralarge"},{"#text":"http:\/\/userserve-ak.last.fm\/serve\/_\/14757895\/Cream+studio.jpg","size":"mega"}]},{"name":"Stevie Ray Vaughan","url":"http:\/\/www.last.fm\/music\/Stevie+Ray+Vaughan","image":[{"#text":"http:\/\/userserve-ak.last.fm\/serve\/34\/356174.jpg","size":"small"},{"#text":"http:\/\/userserve-ak.last.fm\/serve\/64\/356174.jpg","size":"medium"},{"#text":"http:\/\/userserve-ak.last.fm\/serve\/126\/356174.jpg","size":"large"},{"#text":"http:\/\/userserve-ak.last.fm\/serve\/252\/356174.jpg","size":"extralarge"},{"#text":"http:\/\/userserve-ak.last.fm\/serve\/_\/356174\/Stevie+Ray+Vaughan.jpg","size":"mega"}]}]},"tags":{"tag":[{"name":"classic rock","url":"http:\/\/www.last.fm\/tag\/classic%20rock"},{"name":"rock","url":"http:\/\/www.last.fm\/tag\/rock"},{"name":"blues","url":"http:\/\/www.last.fm\/tag\/blues"},{"name":"psychedelic","url":"http:\/\/www.last.fm\/tag\/psychedelic"},{"name":"guitar","url":"http:\/\/www.last.fm\/tag\/guitar"}]},"bio":{"links":{"link":{"#text":"","rel":"original","href":"http:\/\/www.last.fm\/music\/Jimi+Hendrix\/+wiki"}},"published":"Sat, 16 Nov 2013 02:17:39 +0000","summary":"\n                James Marshall &quot;Jimi&quot; Hendrix (born Johnny Allen Hendrix; 27th November at Seattle's King County Hospital, 1942 - 18th September 1970) was a U.S. guitarist, singer, and songwriter.  Hendrix was not very popular in the U.S.A. at the outset of his musical career, only later gaining recognition after taking a trip to England in 1966 with <a href=\"http:\/\/www.last.fm\/music\/The+Animals\" class=\"bbcode_artist\">The Animals<\/a>' Chas Chandler, where he subsequently formed <a href=\"http:\/\/www.last.fm\/music\/The+Jimi+Hendrix+Experience\" class=\"bbcode_artist\">The Jimi Hendrix Experience<\/a> with bassist <a href=\"http:\/\/www.last.fm\/music\/Noel+Redding\" class=\"bbcode_artist\">Noel Redding<\/a> and drummer <a href=\"http:\/\/www.last.fm\/music\/Mitch+Mitchell\" class=\"bbcode_artist\">Mitch Mitchell<\/a>. While The Experience quickly became popular in England, they remained relatively unrecognised outside the country.\n\n        <a href=\"http:\/\/www.last.fm\/music\/Jimi+Hendrix\">Read more about Jimi Hendrix on Last.fm<\/a>.\n    \n    ","content":"\n                    James Marshall &quot;Jimi&quot; Hendrix (born Johnny Allen Hendrix; 27th November at Seattle's King County Hospital, 1942 - 18th September 1970) was a U.S. guitarist, singer, and songwriter.  Hendrix was not very popular in the U.S.A. at the outset of his musical career, only later gaining recognition after taking a trip to England in 1966 with <a href=\"http:\/\/www.last.fm\/music\/The+Animals\" class=\"bbcode_artist\">The Animals<\/a>' Chas Chandler, where he subsequently formed <a href=\"http:\/\/www.last.fm\/music\/The+Jimi+Hendrix+Experience\" class=\"bbcode_artist\">The Jimi Hendrix Experience<\/a> with bassist <a href=\"http:\/\/www.last.fm\/music\/Noel+Redding\" class=\"bbcode_artist\">Noel Redding<\/a> and drummer <a href=\"http:\/\/www.last.fm\/music\/Mitch+Mitchell\" class=\"bbcode_artist\">Mitch Mitchell<\/a>. While The Experience quickly became popular in England, they remained relatively unrecognised outside the country.\n\n        <a href=\"http:\/\/www.last.fm\/music\/Jimi+Hendrix\">Read more about Jimi Hendrix on Last.fm<\/a>.\n    \n    \nUser-contributed text is available under the Creative Commons By-SA License and may also be available under the GNU FDL.\n    ","yearformed":"1942","formationlist":{"formation":{"yearfrom":"1942","yearto":"1970"}}}}}
