<?xml version="1.0" encoding="utf-8"?>
<lfm status="ok">
<artist>
  <name>Jimi Hendrix</name>
          <mbid>06fb1c8b-566e-4cb2-985b-b467c90781d4</mbid>
            <url>http://www.last.fm/music/Jimi+Hendrix</url>
  <image size="small">http://userserve-ak.last.fm/serve/34/5561046.jpg</image>
  <image size="medium">http://userserve-ak.last.fm/serve/64/5561046.jpg</image>
  <image size="large">http://userserve-ak.last.fm/serve/126/5561046.jpg</image>
  <image size="extralarge">http://userserve-ak.last.fm/serve/252/5561046.jpg</image>
  <image size="mega">http://userserve-ak.last.fm/serve/_/5561046/Jimi+Hendrix+jhendrix1.jpg</image>
  <streamable>0</streamable>
  <ontour>0</ontour>
  <stats>
    <listeners>2408551</listeners>
    <playcount>59819314</playcount>
      </stats>

  <similar>
	    <artist>
	  <name>The Jimi Hendrix Experience</name>
	  <url>http://www.last.fm/music/The+Jimi+Hendrix+Experience</url>
	  <image size="small">http://userserve-ak.last.fm/serve/34/105945.jpg</image>
	  <image size="medium">http://userserve-ak.last.fm/serve/64/105945.jpg</image>
	  <image size="large">http://userserve-ak.last.fm/serve/126/105945.jpg</image>
	  <image size="extralarge">http://userserve-ak.last.fm/serve/252/105945.jpg</image>
	  <image size="mega">http://userserve-ak.last.fm/serve/_/105945/The+Jimi+Hendrix+Experience.jpg</image>
	  
	        	</artist>
    <artist>
	  <name>Led Zeppelin</name>
	  <url>http://www.last.fm/music/Led+Zeppelin</url>
	  <image size="small">http://userserve-ak.last.fm/serve/34/58547309.jpg</image>
	  <image size="medium">http://userserve-ak.last.fm/serve/64/58547309.jpg</image>
	  <image size="large">http://userserve-ak.last.fm/serve/126/58547309.jpg</image>
	  <image size="extralarge">http://userserve-ak.last.fm/serve/252/58547309.jpg</image>
	  <image size="mega">http://userserve-ak.last.fm/serve/500/58547309/Led+Zeppelin+LedZeppelin19700327_LA.jpg</image>
	  
	        	</artist>
    <artist>
	  <name>The Doors</name>
	  <url>http://www.last.fm/music/The+Doors</url>
	  <image size="small">http://userserve-ak.last.fm/serve/34/18012809.jpg</image>
	  <image size="medium">http://userserve-ak.last.fm/serve/64/18012809.jpg</image>
	  <image size="large">http://userserve-ak.last.fm/serve/126/18012809.jpg</image>
	  <image size="extralarge">http://userserve-ak.last.fm/serve/252/18012809.jpg</image>
	  <image size="mega">http://userserve-ak.last.fm/serve/_/18012809/The+Doors+brodskywindow.jpg</image>
	  
	        	</artist>
    <artist>
	  <name>Cream</name>
	  <url>http://www.last.fm/music/Cream</url>
	  <image size="small">http://userserve-ak.last.fm/serve/34/14757895.jpg</image>
	  <image size="medium">http://userserve-ak.last.fm/serve/64/14757895.jpg</image>
	  <image size="large">http://userserve-ak.last.fm/serve/126/14757895.jpg</image>
	  <image size="extralarge">http://userserve-ak.last.fm/serve/252/14757895.jpg</image>
	  <image size="mega">http://userserve-ak.last.fm/serve/_/14757895/Cream+studio.jpg</image>
	  
	        	</artist>
    <artist>
	  <name>Stevie Ray Vaughan</name>
	  <url>http://www.last.fm/music/Stevie+Ray+Vaughan</url>
	  <image size="small">http://userserve-ak.last.fm/serve/34/356174.jpg</image>
	  <image size="medium">http://userserve-ak.last.fm/serve/64/356174.jpg</image>
	  <image size="large">http://userserve-ak.last.fm/serve/126/356174.jpg</image>
	  <image size="extralarge">http://userserve-ak.last.fm/serve/252/356174.jpg</image>
	  <image size="mega">http://userserve-ak.last.fm/serve/_/356174/Stevie+Ray+Vaughan.jpg</image>
	  
	        	</artist>
  </similar>
    <tags>
        <tag>
	  <name>classic rock</name>
	  <url>http://www.last.fm/tag/classic%20rock</url>
	</tag>
        <tag>
	  <name>rock</name>
	  <url>http://www.last.fm/tag/rock</url>
	</tag>
        <tag>
	  <name>blues</name>
	  <url>http://www.last.fm/tag/blues</url>
	</tag>
        <tag>
	  <name>psychedelic</name>
	  <url>http://www.last.fm/tag/psychedelic</url>
	</tag>
        <tag>
	  <name>guitar</name>
	  <url>http://www.last.fm/tag/guitar</url>
	</tag>
      </tags>
      <bio>
        <links>
        <link rel="original" href="http://www.last.fm/music/Jimi+Hendrix/+wiki" />
    </links>
                                    <published>Sat, 16 Nov 2013 02:17:39 +0000</published>
    <summary>
        <![CDATA[        James Marshall &quot;Jimi&quot; Hendrix (born Johnny Allen Hendrix; 27th November at Seattle's King County Hospital, 1942 - 18th September 1970) was a U.S. guitarist, singer, and songwriter.  Hendrix was not very popular in the U.S.A. at the outset of his musical career, only later gaining recognition after taking a trip to England in 1966 with <a href="http://www.last.fm/music/The+Animals" class="bbcode_artist">The Animals</a>' Chas Chandler, where he subsequently formed <a href="http://www.last.fm/music/The+Jimi+Hendrix+Experience" class="bbcode_artist">The Jimi Hendrix Experience</a> with bassist <a href="http://www.last.fm/music/Noel+Redding" class="bbcode_artist">Noel Redding</a> and drummer <a href="http://www.last.fm/music/Mitch+Mitchell" class="bbcode_artist">Mitch Mitchell</a>. While The Experience quickly became popular in England, they remained relatively unrecognised outside the country.

        <a href="http://www.last.fm/music/Jimi+Hendrix">Read more about Jimi Hendrix on Last.fm</a>.
    ]]>
    </summary>
    <content>
            <![CDATA[        James Marshall &quot;Jimi&quot; Hendrix (born Johnny Allen Hendrix; 27th November at Seattle's King County Hospital, 1942 - 18th September 1970) was a U.S. guitarist, singer, and songwriter.  Hendrix was not very popular in the U.S.A. at the outset of his musical career, only later gaining recognition after taking a trip to England in 1966 with <a href="http://www.last.fm/music/The+Animals" class="bbcode_artist">The Animals</a>' Chas Chandler, where he subsequently formed <a href="http://www.last.fm/music/The+Jimi+Hendrix+Experience" class="bbcode_artist">The Jimi Hendrix Experience</a> with bassist <a href="http://www.last.fm/music/Noel+Redding" class="bbcode_artist">Noel Redding</a> and drummer <a href="http://www.last.fm/music/Mitch+Mitchell" class="bbcode_artist">Mitch Mitchell</a>. While The Experience quickly became popular in England, they remained relatively unrecognised outside the country.

        <a href="http://www.last.fm/music/Jimi+Hendrix">Read more about Jimi Hendrix on Last.fm</a>.
    
    
User-contributed text is available under the Creative Commons By-SA License and may also be available under the GNU FDL.]]>
    </content>
                                    <yearformed>1942</yearformed>
            <formationlist>
                    <formation>
                <yearfrom>1942</yearfrom>
                <yearto>1970</yearto>
            </formation>
            </formationlist>
      </bio>
  </artist></lfm>
