<?xml version="1.0" encoding="utf-8"?>
<lfm status="ok">
<artist>
  <name>Justin Bieber</name>
          <mbid>e0140a67-e4d1-4f13-8a01-364355bee46e</mbid>
            <url>http://www.last.fm/music/Justin+Bieber</url>
  <image size="small">http://userserve-ak.last.fm/serve/34/100926265.png</image>
  <image size="medium">http://userserve-ak.last.fm/serve/64/100926265.png</image>
  <image size="large">http://userserve-ak.last.fm/serve/126/100926265.png</image>
  <image size="extralarge">http://userserve-ak.last.fm/serve/252/100926265.png</image>
  <image size="mega">http://userserve-ak.last.fm/serve/_/100926265/Justin+Bieber.png</image>
  <streamable>0</streamable>
  <ontour>0</ontour>
  <stats>
    <listeners>1110824</listeners>
    <playcount>30278981</playcount>
      </stats>

  <similar>
	    <artist>
	  <name>Cody Simpson</name>
	  <url>http://www.last.fm/music/Cody+Simpson</url>
	  <image size="small">http://userserve-ak.last.fm/serve/34/93030973.png</image>
	  <image size="medium">http://userserve-ak.last.fm/serve/64/93030973.png</image>
	  <image size="large">http://userserve-ak.last.fm/serve/126/93030973.png</image>
	  <image size="extralarge">http://userserve-ak.last.fm/serve/252/93030973.png</image>
	  <image size="mega">http://userserve-ak.last.fm/serve/500/93030973/Cody+Simpson+PNG.png</image>
	  
	        	</artist>
    <artist>
	  <name>Austin Mahone</name>
	  <url>http://www.last.fm/music/Austin+Mahone</url>
	  <image size="small">http://userserve-ak.last.fm/serve/34/99653889.png</image>
	  <image size="medium">http://userserve-ak.last.fm/serve/64/99653889.png</image>
	  <image size="large">http://userserve-ak.last.fm/serve/126/99653889.png</image>
	  <image size="extralarge">http://userserve-ak.last.fm/serve/252/99653889.png</image>
	  <image size="mega">http://userserve-ak.last.fm/serve/_/99653889/Austin+Mahone+Live+PNG.png</image>
	  
	        	</artist>
    <artist>
	  <name>Maejor Ali</name>
	  <url>http://www.last.fm/music/Maejor+Ali</url>
	  <image size="small">http://userserve-ak.last.fm/serve/34/93228023.png</image>
	  <image size="medium">http://userserve-ak.last.fm/serve/64/93228023.png</image>
	  <image size="large">http://userserve-ak.last.fm/serve/126/93228023.png</image>
	  <image size="extralarge">http://userserve-ak.last.fm/serve/252/93228023.png</image>
	  <image size="mega">http://userserve-ak.last.fm/serve/500/93228023/Maejor+Ali+PNG+version.png</image>
	  
	        	</artist>
    <artist>
	  <name>Selena Gomez &amp; the Scene</name>
	  <url>http://www.last.fm/music/Selena+Gomez+&amp;+the+Scene</url>
	  <image size="small">http://userserve-ak.last.fm/serve/34/77104676.png</image>
	  <image size="medium">http://userserve-ak.last.fm/serve/64/77104676.png</image>
	  <image size="large">http://userserve-ak.last.fm/serve/126/77104676.png</image>
	  <image size="extralarge">http://userserve-ak.last.fm/serve/252/77104676.png</image>
	  <image size="mega">http://userserve-ak.last.fm/serve/_/77104676/Selena+Gomez++the+Scene+the+scene+3.png</image>
	  
	        	</artist>
    <artist>
	  <name>Demi Lovato</name>
	  <url>http://www.last.fm/music/Demi+Lovato</url>
	  <image size="small">http://userserve-ak.last.fm/serve/34/99614717.png</image>
	  <image size="medium">http://userserve-ak.last.fm/serve/64/99614717.png</image>
	  <image size="large">http://userserve-ak.last.fm/serve/126/99614717.png</image>
	  <image size="extralarge">http://userserve-ak.last.fm/serve/252/99614717.png</image>
	  <image size="mega">http://userserve-ak.last.fm/serve/_/99614717/Demi+Lovato.png</image>
	  
	        	</artist>
  </similar>
    <tags>
        <tag>
	  <name>pop</name>
	  <url>http://www.last.fm/tag/pop</url>
	</tag>
        <tag>
	  <name>black metal</name>
	  <url>http://www.last.fm/tag/black%20metal</url>
	</tag>
        <tag>
	  <name>justin bieber</name>
	  <url>http://www.last.fm/tag/justin%20bieber</url>
	</tag>
        <tag>
	  <name>rnb</name>
	  <url>http://www.last.fm/tag/rnb</url>
	</tag>
        <tag>
	  <name>hip-hop</name>
	  <url>http://www.last.fm/tag/hip-hop</url>
	</tag>
      </tags>
      <bio>
        <links>
        <link rel="original" href="http://www.last.fm/music/Justin+Bieber/+wiki" />
    </links>
                                    <published>Tue, 13 May 2014 20:25:13 +0000</published>
    <summary>
        <![CDATA[        Justin Drew Bieber (born March 1, 1994) is a Canadian pop musician, actor, and singer-songwriter. Bieber was discovered in 2008 by American talent manager Scooter Braun, who came across Bieber's videos on YouTube and later became his manager. Braun arranged for him to meet with entertainer <a href="http://www.last.fm/music/Usher" class="bbcode_artist">Usher</a> Raymond in Atlanta, Georgia. Bieber was signed to Raymond Braun Media Group (RBMG), and then to an Island Records recording contract offered by record executive L.A. Reid.  

        <a href="http://www.last.fm/music/Justin+Bieber">Read more about Justin Bieber on Last.fm</a>.
    ]]>
    </summary>
    <content>
            <![CDATA[        Justin Drew Bieber (born March 1, 1994) is a Canadian pop musician, actor, and singer-songwriter. Bieber was discovered in 2008 by American talent manager Scooter Braun, who came across Bieber's videos on YouTube and later became his manager. Braun arranged for him to meet with entertainer <a href="http://www.last.fm/music/Usher" class="bbcode_artist">Usher</a> Raymond in Atlanta, Georgia. Bieber was signed to Raymond Braun Media Group (RBMG), and then to an Island Records recording contract offered by record executive L.A. Reid.  

        <a href="http://www.last.fm/music/Justin+Bieber">Read more about Justin Bieber on Last.fm</a>.
    
    
User-contributed text is available under the Creative Commons By-SA License and may also be available under the GNU FDL.]]>
    </content>
                                    <yearformed>2008</yearformed>
            <formationlist>
                    <formation>
                <yearfrom>2008</yearfrom>
                <yearto></yearto>
            </formation>
            </formationlist>
      </bio>
  </artist></lfm>
