{"artist":{"name":"Justin Bieber","mbid":"e0140a67-e4d1-4f13-8a01-364355bee46e","url":"http:\/\/www.last.fm\/music\/Justin+Bieber","image":[{"#text":"http:\/\/userserve-ak.last.fm\/serve\/34\/100926265.png","size":"small"},{"#text":"http:\/\/userserve-ak.last.fm\/serve\/64\/100926265.png","size":"medium"},{"#text":"http:\/\/userserve-ak.last.fm\/serve\/126\/100926265.png","size":"large"},{"#text":"http:\/\/userserve-ak.last.fm\/serve\/252\/100926265.png","size":"extralarge"},{"#text":"http:\/\/userserve-ak.last.fm\/serve\/_\/100926265\/Justin+Bieber.png","size":"mega"}],"streamable":"0","ontour":"0","stats":{"listeners":"1110824","playcount":"30278981"},"similar":{"artist":[{"name":"Cody Simpson","url":"http:\/\/www.last.fm\/music\/Cody+Simpson","image":[{"#text":"http:\/\/userserve-ak.last.fm\/serve\/34\/93030973.png","size":"small"},{"#text":"http:\/\/userserve-ak.last.fm\/serve\/64\/93030973.png","size":"medium"},{"#text":"http:\/\/userserve-ak.last.fm\/serve\/126\/93030973.png","size":"large"},{"#text":"http:\/\/userserve-ak.last.fm\/serve\/252\/93030973.png","size":"extralarge"},{"#text":"http:\/\/userserve-ak.last.fm\/serve\/500\/93030973\/Cody+Simpson+PNG.png","size":"mega"}]},{"name":"Austin Mahone","url":"http:\/\/www.last.fm\/music\/Austin+Mahone","image":[{"#text":"http:\/\/userserve-ak.last.fm\/serve\/34\/99653889.png","size":"small"},{"#text":"http:\/\/userserve-ak.last.fm\/serve\/64\/99653889.png","size":"medium"},{"#text":"http:\/\/userserve-ak.last.fm\/serve\/126\/99653889.png","size":"large"},{"#text":"http:\/\/userserve-ak.last.fm\/serve\/252\/99653889.png","size":"extralarge"},{"#text":"http:\/\/userserve-ak.last.fm\/serve\/_\/99653889\/Austin+Mahone+Live+PNG.png","size":"mega"}]},{"name":"Maejor Ali","url":"http:\/\/www.last.fm\/music\/Maejor+Ali","image":[{"#text":"http:\/\/userserve-ak.last.fm\/serve\/34\/93228023.png","size":"small"},{"#text":"http:\/\/userserve-ak.last.fm\/serve\/64\/93228023.png","size":"medium"},{"#text":"http:\/\/userserve-ak.last.fm\/serve\/126\/93228023.png","size":"large"},{"#text":"http:\/\/userserve-ak.last.fm\/serve\/252\/93228023.png","size":"extralarge"},{"#text":"http:\/\/userserve-ak.last.fm\/serve\/500\/93228023\/Maejor+Ali+PNG+version.png","size":"mega"}]},{"name":"Selena Gomez & the Scene","url":"http:\/\/www.last.fm\/music\/Selena+Gomez+&+the+Scene","image":[{"#text":"http:\/\/userserve-ak.last.fm\/serve\/34\/77104676.png","size":"small"},{"#text":"http:\/\/userserve-ak.last.fm\/serve\/64\/77104676.png","size":"medium"},{"#text":"http:\/\/userserve-ak.last.fm\/serve\/126\/77104676.png","size":"large"},{"#text":"http:\/\/userserve-ak.last.fm\/serve\/252\/77104676.png","size":"extralarge"},{"#text":"http:\/\/userserve-ak.last.fm\/serve\/_\/77104676\/Selena+Gomez++the+Scene+the+scene+3.png","size":"mega"}]},{"name":"Demi Lovato","url":"http:\/\/www.last.fm\/music\/Demi+Lovato","image":[{"#text":"http:\/\/userserve-ak.last.fm\/serve\/34\/99614717.png","size":"small"},{"#text":"http:\/\/userserve-ak.last.fm\/serve\/64\/99614717.png","size":"medium"},{"#text":"http:\/\/userserve-ak.last.fm\/serve\/126\/99614717.png","size":"large"},{"#text":"http:\/\/userserve-ak.last.fm\/serve\/252\/99614717.png","size":"extralarge"},{"#text":"http:\/\/userserve-ak.last.fm\/serve\/_\/99614717\/Demi+Lovato.png","size":"mega"}]}]},"tags":{"tag":[{"name":"pop","url":"http:\/\/www.last.fm\/tag\/pop"},{"name":"black metal","url":"http:\/\/www.last.fm\/tag\/black%20metal"},{"name":"justin bieber","url":"http:\/\/www.last.fm\/tag\/justin%20bieber"},{"name":"rnb","url":"http:\/\/www.last.fm\/tag\/rnb"},{"name":"hip-hop","url":"http:\/\/www.last.fm\/tag\/hip-hop"}]},"bio":{"links":{"link":{"#text":"","rel":"original","href":"http:\/\/www.last.fm\/music\/Justin+Bieber\/+wiki"}},"published":"Tue, 13 May 2014 20:25:13 +0000","summary":"\n                Justin Drew Bieber (born March 1, 1994) is a Canadian pop musician, actor, and singer-songwriter. Bieber was discovered in 2008 by American talent manager Scooter Braun, who came across Bieber's videos on YouTube and later became his manager. Braun arranged for him to meet with entertainer <a href=\"http:\/\/www.last.fm\/music\/Usher\" class=\"bbcode_artist\">Usher<\/a> Raymond in Atlanta, Georgia. Bieber was signed to Raymond Braun Media Group (RBMG), and then to an Island Records recording contract offered by record executive L.A. Reid.  \n\n        <a href=\"http:\/\/www.last.fm\/music\/Justin+Bieber\">Read more about Justin Bieber on Last.fm<\/a>.\n    \n    ","content":"\n                    Justin Drew Bieber (born March 1, 1994) is a Canadian pop musician, actor, and singer-songwriter. Bieber was discovered in 2008 by American talent manager Scooter Braun, who came across Bieber's videos on YouTube and later became his manager. Braun arranged for him to meet with entertainer <a href=\"http:\/\/www.last.fm\/music\/Usher\" class=\"bbcode_artist\">Usher<\/a> Raymond in Atlanta, Georgia. Bieber was signed to Raymond Braun Media Group (RBMG), and then to an Island Records recording contract offered by record executive L.A. Reid.  \n\n        <a href=\"http:\/\/www.last.fm\/music\/Justin+Bieber\">Read more about Justin Bieber on Last.fm<\/a>.\n    \n    \nUser-contributed text is available under the Creative Commons By-SA License and may also be available under the GNU FDL.\n    ","yearformed":"2008","formationlist":{"formation":{"yearfrom":"2008","yearto":""}}}}}
